<?xml version="1.0"?>
<info xmlns:xsi="http://www.w3.org/2001/XMLSchema-instance"
      xsi:noNamespaceSchemaLocation="https://apps.nextcloud.com/schema/apps/info.xsd">
    <id>flatioplayer</id>
    <name>Flat.io Player</name>
    <summary>Professional MusicXML player with automatic installation</summary>
    <description><![CDATA[
        **Flat.io Player** is a professional MusicXML player for Nextcloud that leverages the powerful Flat.io embed engine for superior music notation display and playback.

        ## Features
        * **Auto-Installation**: Automatic owner detection and permission setup on first enable
        * **Professional music notation** with Flat.io rendering engine  
        * **High-quality audio synthesis** for realistic playback
        * **Responsive design** optimized for all devices
        * **Multi-language support** (English, Italian)
        * **Advanced playback controls** with cursor synchronization
        * **File format support**: .mxml, .musicxml, .xml files
        * **Nextcloud integration** with seamless file system access
        * **Modern UI** following Nextcloud design principles
        * **OCC command support** for manual installation
        * **Diagnostic tools** for troubleshooting

        ## Auto-Installation System
        The app automatically detects your server configuration and sets up proper file permissions when enabled. Works on:
        * Standard hosting environments (www-data)
        * Shared hosting configurations
        * Custom server setups with automatic owner detection
        * All major Linux distributions

        ## Manual Administration
        Administrators can use: `php occ flatioplayer:install` for manual control and diagnostics.

        Perfect for musicians, educators, and music professionals who need reliable sheet music display and playback in their personal cloud.

        ## Requirements
        * Nextcloud 31.0+
        * PHP 8.1+  
        * Internet connectivity for Flat.io embed engine
        * Modern browser with JavaScript enabled

        ## Privacy & Security
        * No personal data is transmitted to external services
        * All MusicXML files are processed locally
        * Flat.io embed engine only loads when explicitly requested by user
        * Full CSP (Content Security Policy) headers support included
    ]]></description>
    <version>1.0.0</version>
    <licence>agpl</licence>
    <author mail="michele@ottoniascoppio.org" homepage="https://github.com/michele-ott/flatioplayer">Michele Ottoni</author>
    <namespace>FlatioPlayer</namespace>
    <category>multimedia</category>
    <website>https://github.com/michele-ott/flatioplayer</website>
    <bugs>https://github.com/michele-ott/flatioplayer/issues</bugs>
    <repository>https://github.com/michele-ott/flatioplayer.git</repository>
    <screenshot small-thumbnail="https://raw.githubusercontent.com/michele-ott/flatioplayer/main/screenshots/thumbnail.png">https://raw.githubusercontent.com/michele-ott/flatioplayer/main/screenshots/main-interface.png</screenshot>
    <dependencies>
        <php min-version="8.1" max-version="8.4"/>
        <nextcloud min-version="31" max-version="32"/>
    </dependencies>
    <navigations>
        <navigation>
            <name>Flat.io Player</name>
            <route>flatioplayer.page.index</route>
            <icon>app.svg</icon>
            <order>75</order>
        </navigation>
    </navigations>
    <commands>
        <command>OCA\FlatioPlayer\Command\InstallCommand</command>
    </commands>
</info>
