<?xml version="1.0"?>
<info xmlns:xsi= "http://www.w3.org/2001/XMLSchema-instance"
      xsi:noNamespaceSchemaLocation="https://apps.nextcloud.com/schema/apps/info.xsd">
    <id>musicxmlplayer</id>
    <name>MusicXML Player</name>
    <summary>Play MusicXML files directly in Nextcloud</summary>
    <description><![CDATA[
        This app allows you to play MusicXML (.mxml, .musicxml, .xml) files directly in your Nextcloud instance.
        Features include:
        - Play/Pause control
        - Tempo adjustment
        - Volume control
        - Visual score display
        - Loop sections
        - Export to MIDI
    ]]></description>
    <version>1.0.0</version>
    <licence>agpl</licence>
    <author mail="your-email@example.com" homepage="https://your-website.com">Your Name</author>
    <namespace>MusicXMLPlayer</namespace>
    <category>multimedia</category>
    <bugs>https://github.com/yourusername/musicxmlplayer/issues</bugs>
    <dependencies>
        <nextcloud min-version="29" max-version="31"/>
    </dependencies>
    <navigations>
        <navigation>
            <name>MusicXML Player</name>
            <route>musicxmlplayer.page.index</route>
            <icon>app.svg</icon>
            <order>10</order>
        </navigation>
    </navigations>
</info>